source,source_key,person_id,verified_by
tcc14,黃瀞瑩,pacac98c45a,議會第14屆名錄 vs 2026 登記冊：姓名、選區 tpe-council-01、黨籍 台灣民眾黨一致
tcc14,林延鳳,p5fb3d560bb,議會第14屆名錄 vs 2026 登記冊：姓名、選區 tpe-council-01、黨籍 民主進步黨一致
tcc14,汪志冰,p6ad3a2608b,議會第14屆名錄 vs 2026 登記冊：姓名、選區 tpe-council-01、黨籍 中國國民黨一致
tcc14,鍾佩玲,p3d9ce55419,議會第14屆名錄 vs 2026 登記冊：姓名、選區 tpe-council-01、黨籍 民主進步黨一致
tcc14,侯漢廷,pccc2308c1b,議會第14屆名錄 vs 2026 登記冊：姓名、選區 tpe-council-01、黨籍 新黨一致
tcc14,林杏兒,pcdef61ef89,議會第14屆名錄 vs 2026 登記冊：姓名、選區 tpe-council-01、黨籍 中國國民黨一致
tcc14,陳賢蔚,p3371a36c1c,議會第14屆名錄 vs 2026 登記冊：姓名、選區 tpe-council-01、黨籍 民主進步黨一致
tcc14,張斯綱,pe9aa863557,議會第14屆名錄 vs 2026 登記冊：姓名、選區 tpe-council-01、黨籍 中國國民黨一致
tcc14,陳慈慧,padc186f41c,議會第14屆名錄 vs 2026 登記冊：姓名、選區 tpe-council-01、黨籍 民主進步黨一致
tcc14,林世宗,p772a0a5bf9,議會第14屆名錄 vs 2026 登記冊：姓名、選區 tpe-council-01、黨籍 民主進步黨一致
tcc14,陳宥丞,pa2aee439f8,議會第14屆名錄 vs 2026 登記冊：姓名、選區 tpe-council-02、黨籍 台灣民眾黨一致
tcc14,游淑慧,p28d7d936d9,議會第14屆名錄 vs 2026 登記冊：姓名、選區 tpe-council-02、黨籍 中國國民黨一致
tcc14,李明賢,p47f1fe2e84,議會第14屆名錄 vs 2026 登記冊：姓名、選區 tpe-council-02、黨籍 中國國民黨一致
tcc14,何孟樺,pcb793ad399,議會第14屆名錄 vs 2026 登記冊：姓名、選區 tpe-council-02、黨籍 民主進步黨一致
tcc14,闕枚莎,p54ba4cd655,議會第14屆名錄 vs 2026 登記冊：姓名、選區 tpe-council-02、黨籍 中國國民黨一致
tcc14,王孝維,p32da79905a,議會第14屆名錄 vs 2026 登記冊：姓名、選區 tpe-council-02、黨籍 民主進步黨一致
tcc14,李建昌,p69fa47e9b2,2026 登記冊無同名者（未參選 2026）
tcc14,吳世正,p4b727b88dc,議會第14屆名錄 vs 2026 登記冊：姓名、選區 tpe-council-02、黨籍 中國國民黨一致
tcc14,張文潔,p499663cb96,議會第14屆名錄 vs 2026 登記冊：姓名、選區 tpe-council-03、黨籍 民主進步黨一致
tcc14,許淑華,p369c0f3b74,議會第14屆名錄 vs 2026 登記冊：姓名、選區 tpe-council-03、黨籍 民主進步黨一致
tcc14,詹為元,p4cf586308f,議會第14屆名錄 vs 2026 登記冊：姓名、選區 tpe-council-03、黨籍 中國國民黨一致
tcc14,秦慧珠,p3092978976,議會第14屆名錄 vs 2026 登記冊：姓名、選區 tpe-council-03、黨籍 中國國民黨一致
tcc14,戴錫欽,p6925e37a0b,議會第14屆名錄 vs 2026 登記冊：姓名、選區 tpe-council-03、黨籍 中國國民黨一致
tcc14,洪健益,p6da9705b68,議會第14屆名錄 vs 2026 登記冊：姓名、選區 tpe-council-03、黨籍 民主進步黨一致
tcc14,陳炳甫,pfd93c2126e,議會第14屆名錄 vs 2026 登記冊：姓名、選區 tpe-council-04、黨籍 中國國民黨一致
tcc14,顏若芳,pc50235ea45,議會第14屆名錄 vs 2026 登記冊：姓名、選區 tpe-council-04、黨籍 民主進步黨一致
tcc14,柳采葳,p41a7902cc9,議會第14屆名錄 vs 2026 登記冊：姓名、選區 tpe-council-04、黨籍 中國國民黨一致
tcc14,葉林傳,pdbfe9d98cc,議會第14屆名錄 vs 2026 登記冊：姓名、選區 tpe-council-04、黨籍 中國國民黨一致
tcc14,林珍羽,p9ff03a516c,議會第14屆名錄 vs 2026 登記冊：姓名、選區 tpe-council-04、黨籍 台灣民眾黨一致
tcc14,林亮君,pcc848fb570,議會第14屆名錄 vs 2026 登記冊：姓名、選區 tpe-council-04、黨籍 民主進步黨一致
tcc14,應曉薇,pebdede3a62,2026 登記冊無同名者（未參選 2026）
tcc14,郭昭巖,p06dbec1b42,議會第14屆名錄 vs 2026 登記冊：姓名、選區 tpe-council-05、黨籍 中國國民黨一致
tcc14,洪婉臻,p22b242559b,議會第14屆名錄 vs 2026 登記冊：姓名、選區 tpe-council-05、黨籍 民主進步黨一致
tcc14,吳志剛,pefa8e31df3,議會第14屆名錄 vs 2026 登記冊：姓名、選區 tpe-council-05、黨籍 中國國民黨一致
tcc14,鍾小平,pd697b2a2b5,議會第14屆名錄 vs 2026 登記冊：姓名、選區 tpe-council-05、黨籍 中國國民黨一致
tcc14,劉耀仁,pa0224cb763,議會第14屆名錄 vs 2026 登記冊：姓名、選區 tpe-council-05、黨籍 民主進步黨一致
tcc14,李柏毅,pc524c2d6ef,議會第14屆名錄 vs 2026 登記冊：姓名、選區 tpe-council-06、黨籍 中國國民黨一致
tcc14,苗博雅,p8ff8ce5488,議會第14屆名錄 vs 2026 登記冊：姓名、選區 tpe-council-06、黨籍 社會民主黨一致
tcc14,曾獻瑩,p741562d334,議會第14屆名錄 vs 2026 登記冊：姓名、選區 tpe-council-06、黨籍 中國國民黨一致
tcc14,簡舒培,pf84e91ca73,議會第14屆名錄 vs 2026 登記冊：姓名、選區 tpe-council-06、黨籍 民主進步黨一致
tcc14,徐弘庭,p7dbdadb454,議會第14屆名錄 vs 2026 登記冊：姓名、選區 tpe-council-06、黨籍 中國國民黨一致
tcc14,王欣儀,pea1a4317b4,議會第14屆名錄 vs 2026 登記冊：姓名、選區 tpe-council-06、黨籍 中國國民黨一致
tcc14,鍾沛君,p67335d29b9,議會第14屆名錄 vs 2026 登記冊：姓名、選區 tpe-council-06、黨籍 中國國民黨一致
tcc14,陳錦祥,p1a163d6714,議會第14屆名錄 vs 2026 登記冊：姓名、選區 tpe-council-06、黨籍 中國國民黨一致
tcc14,楊植斗,paf86790352,議會第14屆名錄 vs 2026 登記冊：姓名、選區 tpe-council-06、黨籍 中國國民黨一致
tcc14,王閔生,p70a5d9018c,議會第14屆名錄 vs 2026 登記冊：姓名、選區 tpe-council-06、黨籍 民主進步黨一致
tcc14,耿葳,pb8d278f1da,議會第14屆名錄 vs 2026 登記冊：姓名、選區 tpe-council-06、黨籍 中國國民黨一致
tcc14,張志豪,p155e15fe02,議會第14屆名錄 vs 2026 登記冊：姓名、選區 tpe-council-06、黨籍 台灣民眾黨一致
tcc14,李芳儒,p072095ef7a,議會第14屆名錄 vs 2026 登記冊：姓名、選區 tpe-council-07、黨籍 中國國民黨一致
tcc14,李傅中武,p684c26bf24,2026 登記冊無同名者（未參選 2026）
tcc14,陳重文,p2cdc00a729,議會第14屆名錄 vs 2026 登記冊：姓名、選區 tpe-council-01 一致；黨籍 中國國民黨→無政黨推薦；登記日 2026-09-03 與新聞報導現任議員登記日一致（ETtoday 2026-09-04、自由時報）；人工確認 2026-09-28
tcc14,陳怡君,pc164e1064f,議會第14屆名錄 vs 2026 登記冊：姓名、選區 tpe-council-04 一致；黨籍 民主進步黨→無政黨推薦；登記日 2026-09-03 與新聞報導現任議員登記日一致（Newtalk、聯合新聞網 2026-09-03）；人工確認 2026-09-28
tcc14,徐立信,p62ab44979e,議會第14屆名錄 vs 2026 登記冊：姓名、選區 tpe-council-05 一致；黨籍 無黨籍／無政黨推薦（同義）；人工確認 2026-09-28
cec_2022_mayor,蔣萬安,p5e0a8875ab,2022 臺北市長開票 JSON 當選人 vs 2026 登記冊 tpe-mayor：姓名唯一相同、黨籍 中國國民黨一致；公報出生年與開票 cand_birthyear 一致
